﻿<?xml version="1.0" encoding="utf-8"?>
<Tagtable name="Sorting by Height (Basic)">
  <!-- exported by FACTORY I/O version 2.5.10 -->
  <Tag type="Bool" addr="%I0.0">High sensor</Tag>
  <Tag type="Bool" addr="%I0.1">Low sensor</Tag>
  <Tag type="Bool" addr="%I0.2">Pallet sensor</Tag>
  <Tag type="Bool" addr="%I0.3">Loaded</Tag>
  <Tag type="Bool" addr="%I0.4">At left entry</Tag>
  <Tag type="Bool" addr="%I0.5">At left exit</Tag>
  <Tag type="Bool" addr="%I0.6">At right entry</Tag>
  <Tag type="Bool" addr="%I0.7">At right exit</Tag>
  <Tag type="Bool" addr="%I1.0">Start</Tag>
  <Tag type="Bool" addr="%I1.1">Reset</Tag>
  <Tag type="Bool" addr="%I1.2">Stop</Tag>
  <Tag type="Bool" addr="%I1.3">Emergency stop</Tag>
  <Tag type="Bool" addr="%I1.4">Auto</Tag>
  <Tag type="Bool" addr="%I1.5">FACTORY I/O (Running)</Tag>
  <Tag type="Bool" addr="%Q0.0">Conveyor entry</Tag>
  <Tag type="Bool" addr="%Q0.1">Load</Tag>
  <Tag type="Bool" addr="%Q0.2">Unload</Tag>
  <Tag type="Bool" addr="%Q0.3">Transf. left</Tag>
  <Tag type="Bool" addr="%Q0.4">Transf. right</Tag>
  <Tag type="Bool" addr="%Q0.5">Conveyor left</Tag>
  <Tag type="Bool" addr="%Q0.6">Conveyor right</Tag>
  <Tag type="Bool" addr="%Q0.7">Start light</Tag>
  <Tag type="Bool" addr="%Q1.0">Reset light</Tag>
  <Tag type="Bool" addr="%Q1.1">Stop light</Tag>
  <Tag type="Int" addr="%QW30">Counter</Tag>
</Tagtable>